color_seq,color_value,country,pattern,symbol,country_upper,country_code1,continent,first_letter;;;;;;;;;;;;
c0,Red,Afghanistan,vertical_stripe,emblem,AFGHANISTAN,AF,Asia,A;;;;;;;;;;;;
c1,Green,Afghanistan,vertical_stripe,emblem,AFGHANISTAN,AF,Asia,A;;;;;;;;;;;;
c2,Black,Afghanistan,vertical_stripe,emblem,AFGHANISTAN,AF,Asia,A;;;;;;;;;;;;
c3,White,Afghanistan,vertical_stripe,emblem,AFGHANISTAN,AF,Asia,A;;;;;;;;;;;;
c0,Red,Albania,plain,emblem,ALBANIA,AL,Europa,A;;;;;;;;;;;;
c1,Black,Albania,plain,emblem,ALBANIA,AL,Europa,A;;;;;;;;;;;;
c0,Red,Algeria,vertical_stripe,star_moon,ALGERIA,DZ,Africa,A;;;;;;;;;;;;
c1,White,Algeria,vertical_stripe,star_moon,ALGERIA,DZ,Africa,A;;;;;;;;;;;;
c2,Green,Algeria,vertical_stripe,star_moon,ALGERIA,DZ,Africa,A;;;;;;;;;;;;
c0,Blue,Andorra,vertical_stripe,emblem,ANDORRA,AD,Europa,A;;;;;;;;;;;;
c1,Red,Andorra,vertical_stripe,emblem,ANDORRA,AD,Europa,A;;;;;;;;;;;;
c2,Yellow,Andorra,vertical_stripe,emblem,ANDORRA,AD,Europa,A;;;;;;;;;;;;
c0,Red,Angola,horizontal_stripe,emblem,ANGOLA,AO,Africa,A;;;;;;;;;;;;
c1,Yellow,Angola,horizontal_stripe,emblem,ANGOLA,AO,Africa,A;;;;;;;;;;;;
c2,Black,Angola,horizontal_stripe,emblem,ANGOLA,AO,Africa,A;;;;;;;;;;;;
c0,Blue,Antigua and Barbuda,triangle_wedge,sun,ANTIGUA AND BARBUDA,AG,America(Norte),A;;;;;;;;;;;;
c1,Red,Antigua and Barbuda,triangle_wedge,sun,ANTIGUA AND BARBUDA,AG,America(Norte),A;;;;;;;;;;;;
c2,Yellow,Antigua and Barbuda,triangle_wedge,sun,ANTIGUA AND BARBUDA,AG,America(Norte),A;;;;;;;;;;;;
c3,White,Antigua and Barbuda,triangle_wedge,sun,ANTIGUA AND BARBUDA,AG,America(Norte),A;;;;;;;;;;;;
c4,Black,Antigua and Barbuda,triangle_wedge,sun,ANTIGUA AND BARBUDA,AG,America(Norte),A;;;;;;;;;;;;
c0,Blue,Argentina,horizontal_stripe,sun,ARGENTINA,AR,America(Sul),A;;;;;;;;;;;;
c1,Yellow,Argentina,horizontal_stripe,sun,ARGENTINA,AR,America(Sul),A;;;;;;;;;;;;
c2,White,Argentina,horizontal_stripe,sun,ARGENTINA,AR,America(Sul),A;;;;;;;;;;;;
c0,Blue,Armenia,horizontal_stripe,none,ARMENIA,AM,Asia,A;;;;;;;;;;;;
c1,Red,Armenia,horizontal_stripe,none,ARMENIA,AM,Asia,A;;;;;;;;;;;;
c2,Orange,Armenia,horizontal_stripe,none,ARMENIA,AM,Asia,A;;;;;;;;;;;;
c0,Blue,Aruba,horizontal_stripe,star,ARUBA,AW,America(Sul),A;;;;;;;;;;;;
c1,Red,Aruba,horizontal_stripe,star,ARUBA,AW,America(Sul),A;;;;;;;;;;;;
c2,Yellow,Aruba,horizontal_stripe,star,ARUBA,AW,America(Sul),A;;;;;;;;;;;;
c3,White,Aruba,horizontal_stripe,star,ARUBA,AW,America(Sul),A;;;;;;;;;;;;
c0,Blue,Australia,cross_plus,star,AUSTRALIA,AU,Oceania,A;;;;;;;;;;;;
c1,Red,Australia,cross_plus,star,AUSTRALIA,AU,Oceania,A;;;;;;;;;;;;
c2,White,Australia,cross_plus,star,AUSTRALIA,AU,Oceania,A;;;;;;;;;;;;
c0,Red,Austria,horizontal_stripe,none,AUSTRIA,AT,Europa,A;;;;;;;;;;;;
c1,White,Austria,horizontal_stripe,none,AUSTRIA,AT,Europa,A;;;;;;;;;;;;
c0,Blue,Azerbaijan,horizontal_stripe,star_moon,AZERBAIJAN,AZ,Asia,A;;;;;;;;;;;;
c1,Green,Azerbaijan,horizontal_stripe,star_moon,AZERBAIJAN,AZ,Asia,A;;;;;;;;;;;;
c2,Red,Azerbaijan,horizontal_stripe,star_moon,AZERBAIJAN,AZ,Asia,A;;;;;;;;;;;;
c3,White,Azerbaijan,horizontal_stripe,star_moon,AZERBAIJAN,AZ,Asia,A;;;;;;;;;;;;
c0,Blue,Bahamas,horizontal_stripe,triangle,BAHAMAS,BS,America(Norte),B;;;;;;;;;;;;
c1,Yellow,Bahamas,horizontal_stripe,triangle,BAHAMAS,BS,America(Norte),B;;;;;;;;;;;;
c2,Black,Bahamas,horizontal_stripe,triangle,BAHAMAS,BS,America(Norte),B;;;;;;;;;;;;
c0,Red,Bahrain,paper_cut,none,BAHRAIN,BH,Oriente Medio,B;;;;;;;;;;;;
c1,White,Bahrain,paper_cut,none,BAHRAIN,BH,Oriente Medio,B;;;;;;;;;;;;
c0,Red,Bangladesh,plain,sun,BANGLADESH,BD,Asia,B;;;;;;;;;;;;
c1,Green,Bangladesh,plain,sun,BANGLADESH,BD,Asia,B;;;;;;;;;;;;
c0,Blue,Barbados,vertical_stripe,trident,BARBADOS,BB,America(Norte),B;;;;;;;;;;;;
c1,Yellow,Barbados,vertical_stripe,trident,BARBADOS,BB,America(Norte),B;;;;;;;;;;;;
c2,Black,Barbados,vertical_stripe,trident,BARBADOS,BB,America(Norte),B;;;;;;;;;;;;
c0,Red,Belarus,horizontal_stripe,pattern,BELARUS,BY,Europa,B;;;;;;;;;;;;
c1,White,Belarus,horizontal_stripe,pattern,BELARUS,BY,Europa,B;;;;;;;;;;;;
c2,Green,Belarus,horizontal_stripe,pattern,BELARUS,BY,Europa,B;;;;;;;;;;;;
c0,Red,Belgium,vertical_stripe,none,BELGIUM,BE,Europa,B;;;;;;;;;;;;
c1,Yellow,Belgium,vertical_stripe,none,BELGIUM,BE,Europa,B;;;;;;;;;;;;
c2,Black,Belgium,vertical_stripe,none,BELGIUM,BE,Europa,B;;;;;;;;;;;;
c0,Blue,Belize,horizontal_stripe,emblem,BELIZE,BZ,America(centro),B;;;;;;;;;;;;
c1,Green,Belize,horizontal_stripe,emblem,BELIZE,BZ,America(centro),B;;;;;;;;;;;;
c2,Red,Belize,horizontal_stripe,emblem,BELIZE,BZ,America(centro),B;;;;;;;;;;;;
c3,White,Belize,horizontal_stripe,emblem,BELIZE,BZ,America(centro),B;;;;;;;;;;;;
c0,Red,Benin,stripe_both,none,BENIN,BJ,Africa,B;;;;;;;;;;;;
c1,Green,Benin,stripe_both,none,BENIN,BJ,Africa,B;;;;;;;;;;;;
c2,Yellow,Benin,stripe_both,none,BENIN,BJ,Africa,B;;;;;;;;;;;;
c0,Blue,Bermuda,cross_plus,emblem,BERMUDA,BM,America(Norte),B;;;;;;;;;;;;
c1,Green,Bermuda,cross_plus,emblem,BERMUDA,BM,America(Norte),B;;;;;;;;;;;;
c2,Red,Bermuda,cross_plus,emblem,BERMUDA,BM,America(Norte),B;;;;;;;;;;;;
c3,Yellow,Bermuda,cross_plus,emblem,BERMUDA,BM,America(Norte),B;;;;;;;;;;;;
c4,White,Bermuda,cross_plus,emblem,BERMUDA,BM,America(Norte),B;;;;;;;;;;;;
c5,Black,Bermuda,cross_plus,emblem,BERMUDA,BM,America(Norte),B;;;;;;;;;;;;
c6,Brown,Bermuda,cross_plus,emblem,BERMUDA,BM,America(Norte),B;;;;;;;;;;;;
c0,Red,Bhutan,paper_fold,dragon,BHUTAN,BT,Asia,B;;;;;;;;;;;;
c1,White,Bhutan,paper_fold,dragon,BHUTAN,BT,Asia,B;;;;;;;;;;;;
c2,Orange,Bhutan,paper_fold,dragon,BHUTAN,BT,Asia,B;;;;;;;;;;;;
c0,Red,Bolivia,horizontal_stripe,none,BOLIVIA,BO,America(Sul),B;;;;;;;;;;;;
c1,Green,Bolivia,horizontal_stripe,none,BOLIVIA,BO,America(Sul),B;;;;;;;;;;;;
c2,Yellow,Bolivia,horizontal_stripe,none,BOLIVIA,BO,America(Sul),B;;;;;;;;;;;;
c0,Blue,Bosnia and Herzegovina,triangle_wedge,star,BOSNIA AND HERZEGOVINA,BA,Europa,B;;;;;;;;;;;;
c1,Yellow,Bosnia and Herzegovina,triangle_wedge,star,BOSNIA AND HERZEGOVINA,BA,Europa,B;;;;;;;;;;;;
c2,White,Bosnia and Herzegovina,triangle_wedge,star,BOSNIA AND HERZEGOVINA,BA,Europa,B;;;;;;;;;;;;
c0,Blue,Botswana,horizontal_stripe,none,BOTSWANA,BW,Africa,B;;;;;;;;;;;;
c1,White,Botswana,horizontal_stripe,none,BOTSWANA,BW,Africa,B;;;;;;;;;;;;
c2,Black,Botswana,horizontal_stripe,none,BOTSWANA,BW,Africa,B;;;;;;;;;;;;
c0,Blue,Brazil,rhombus,circular_disk,BRAZIL,BR,America(Sul),B;;;;;;;;;;;;
c1,Green,Brazil,rhombus,circular_disk,BRAZIL,BR,America(Sul),B;;;;;;;;;;;;
c2,Yellow,Brazil,rhombus,circular_disk,BRAZIL,BR,America(Sul),B;;;;;;;;;;;;
c3,White,Brazil,rhombus,circular_disk,BRAZIL,BR,America(Sul),B;;;;;;;;;;;;
c0,Red,Brunei,across_stripe,emblem,BRUNEI,BN,Asia,B;;;;;;;;;;;;
c1,Yellow,Brunei,across_stripe,emblem,BRUNEI,BN,Asia,B;;;;;;;;;;;;
c2,White,Brunei,across_stripe,emblem,BRUNEI,BN,Asia,B;;;;;;;;;;;;
c3,Black,Brunei,across_stripe,emblem,BRUNEI,BN,Asia,B;;;;;;;;;;;;
c0,Red,Bulgaria,horizontal_stripe,none,BULGARIA,BG,Europa,B;;;;;;;;;;;;
c1,White,Bulgaria,horizontal_stripe,none,BULGARIA,BG,Europa,B;;;;;;;;;;;;
c2,Green,Bulgaria,horizontal_stripe,none,BULGARIA,BG,Europa,B;;;;;;;;;;;;
c0,Red,Burkina Faso,horizontal_stripe,star,BURKINA FASO,BF,Africa,B;;;;;;;;;;;;
c1,Green,Burkina Faso,horizontal_stripe,star,BURKINA FASO,BF,Africa,B;;;;;;;;;;;;
c2,Yellow,Burkina Faso,horizontal_stripe,star,BURKINA FASO,BF,Africa,B;;;;;;;;;;;;
c0,Red,MYANMAR,horizontal_stripe,star,MYANMAR,MM,Asia,M;;;;;;;;;;;;
c1,Green,MYANMAR,horizontal_stripe,star,MYANMAR,MM,Asia,M;;;;;;;;;;;;
c2,Yellow,MYANMAR,horizontal_stripe,star,MYANMAR,MM,Asia,M;;;;;;;;;;;;
c3,White,MYANMAR,horizontal_stripe,star,MYANMAR,MM,Asia,M;;;;;;;;;;;;
c0,Red,Burundi,cross,star,BURUNDI,BI,Africa,B;;;;;;;;;;;;
c1,White,Burundi,cross,star,BURUNDI,BI,Africa,B;;;;;;;;;;;;
c2,Green,Burundi,cross,star,BURUNDI,BI,Africa,B;;;;;;;;;;;;
c0,Blue,Cambodia,horizontal_stripe,emblem,CAMBODIA,KH,Asia,C;;;;;;;;;;;;
c1,Red,Cambodia,horizontal_stripe,emblem,CAMBODIA,KH,Asia,C;;;;;;;;;;;;
c2,White,Cambodia,horizontal_stripe,emblem,CAMBODIA,KH,Asia,C;;;;;;;;;;;;
c0,Red,Cameroon,vertical_stripe,star,CAMEROON,CM,Africa,C;;;;;;;;;;;;
c1,Green,Cameroon,vertical_stripe,star,CAMEROON,CM,Africa,C;;;;;;;;;;;;
c2,Yellow,Cameroon,vertical_stripe,star,CAMEROON,CM,Africa,C;;;;;;;;;;;;
c0,Red,Canada,vertical_stripe,maple,CANADA,CA,America(Norte),C;;;;;;;;;;;;
c1,White,Canada,vertical_stripe,maple,CANADA,CA,America(Norte),C;;;;;;;;;;;;
c0,Blue,Cape Verde,horizontal_stripe,star,CAPE VERDE,CV,Africa,C;;;;;;;;;;;;
c1,Red,Cape Verde,horizontal_stripe,star,CAPE VERDE,CV,Africa,C;;;;;;;;;;;;
c2,Yellow,Cape Verde,horizontal_stripe,star,CAPE VERDE,CV,Africa,C;;;;;;;;;;;;
c3,White,Cape Verde,horizontal_stripe,star,CAPE VERDE,CV,Africa,C;;;;;;;;;;;;
c0,Blue,Cayman Islands,cross_plus,emblem,CAYMAN ISLANDS,KY,America(Norte),C;;;;;;;;;;;;
c1,Green,Cayman Islands,cross_plus,emblem,CAYMAN ISLANDS,KY,America(Norte),C;;;;;;;;;;;;
c2,Red,Cayman Islands,cross_plus,emblem,CAYMAN ISLANDS,KY,America(Norte),C;;;;;;;;;;;;
c3,Yellow,Cayman Islands,cross_plus,emblem,CAYMAN ISLANDS,KY,America(Norte),C;;;;;;;;;;;;
c4,White,Cayman Islands,cross_plus,emblem,CAYMAN ISLANDS,KY,America(Norte),C;;;;;;;;;;;;
c5,Black,Cayman Islands,cross_plus,emblem,CAYMAN ISLANDS,KY,America(Norte),C;;;;;;;;;;;;
c0,Blue,Central African Republic,stripe_both,star,CENTRAL AFRICAN REPUBLIC,CF,Africa,C;;;;;;;;;;;;
c1,Green,Central African Republic,stripe_both,star,CENTRAL AFRICAN REPUBLIC,CF,Africa,C;;;;;;;;;;;;
c2,Red,Central African Republic,stripe_both,star,CENTRAL AFRICAN REPUBLIC,CF,Africa,C;;;;;;;;;;;;
c3,Yellow,Central African Republic,stripe_both,star,CENTRAL AFRICAN REPUBLIC,CF,Africa,C;;;;;;;;;;;;
c4,White,Central African Republic,stripe_both,star,CENTRAL AFRICAN REPUBLIC,CF,Africa,C;;;;;;;;;;;;
c0,Blue,Chad,vertical_stripe,none,CHAD,TD,Africa,C;;;;;;;;;;;;
c1,Red,Chad,vertical_stripe,none,CHAD,TD,Africa,C;;;;;;;;;;;;
c2,Yellow,Chad,vertical_stripe,none,CHAD,TD,Africa,C;;;;;;;;;;;;
c0,Blue,Chile,both_stripe,star,CHILE,CL,America(Norte),C;;;;;;;;;;;;
c1,Red,Chile,both_stripe,star,CHILE,CL,America(Norte),C;;;;;;;;;;;;
c2,White,Chile,both_stripe,star,CHILE,CL,America(Norte),C;;;;;;;;;;;;
c0,Red,China,plain,star,CHINA,CN,Asia,C;;;;;;;;;;;;
c1,Yellow,China,plain,star,CHINA,CN,Asia,C;;;;;;;;;;;;
c0,Blue,Christmas Island,paper_fold,emblem,CHRISTMAS ISLAND,CX,Asia,C;;;;;;;;;;;;
c1,Green,Christmas Island,paper_fold,emblem,CHRISTMAS ISLAND,CX,Asia,C;;;;;;;;;;;;
c2,Yellow,Christmas Island,paper_fold,emblem,CHRISTMAS ISLAND,CX,Asia,C;;;;;;;;;;;;
c3,White,Christmas Island,paper_fold,emblem,CHRISTMAS ISLAND,CX,Asia,C;;;;;;;;;;;;
c0,Green,Cocos Islands,plain,star_moon,COCOS ISLANDS,CC,Asia,C;;;;;;;;;;;;
c1,Yellow,Cocos Islands,plain,star_moon,COCOS ISLANDS,CC,Asia,C;;;;;;;;;;;;
c2,Brown,Cocos Islands,plain,star_moon,COCOS ISLANDS,CC,Asia,C;;;;;;;;;;;;
c0,Blue,Colombia,horizontal_stripe,none,COLOMBIA,CO,America(Sul),C;;;;;;;;;;;;
c1,Red,Colombia,horizontal_stripe,none,COLOMBIA,CO,America(Sul),C;;;;;;;;;;;;
c2,Yellow,Colombia,horizontal_stripe,none,COLOMBIA,CO,America(Sul),C;;;;;;;;;;;;
c0,Blue,Comoros,horizontal_stripe,star_moon,COMOROS,KM,Africa,C;;;;;;;;;;;;
c1,Green,Comoros,horizontal_stripe,star_moon,COMOROS,KM,Africa,C;;;;;;;;;;;;
c2,Red,Comoros,horizontal_stripe,star_moon,COMOROS,KM,Africa,C;;;;;;;;;;;;
c3,Yellow,Comoros,horizontal_stripe,star_moon,COMOROS,KM,Africa,C;;;;;;;;;;;;
c4,White,Comoros,horizontal_stripe,star_moon,COMOROS,KM,Africa,C;;;;;;;;;;;;
c0,Blue,Cook Islands,cross_plus,star,COOK ISLANDS,CK,Oceania,C;;;;;;;;;;;;
c1,Red,Cook Islands,cross_plus,star,COOK ISLANDS,CK,Oceania,C;;;;;;;;;;;;
c2,White,Cook Islands,cross_plus,star,COOK ISLANDS,CK,Oceania,C;;;;;;;;;;;;
c0,Blue,Costa Rica,horizontal_stripe,emblem,COSTA RICA,CR,America(centro),C;;;;;;;;;;;;
c1,Red,Costa Rica,horizontal_stripe,emblem,COSTA RICA,CR,America(centro),C;;;;;;;;;;;;
c2,White,Costa Rica,horizontal_stripe,emblem,COSTA RICA,CR,America(centro),C;;;;;;;;;;;;
c0,Blue,Croatia,horizontal_stripe,emblem,CROATIA,HR,Europa,C;;;;;;;;;;;;
c1,Red,Croatia,horizontal_stripe,emblem,CROATIA,HR,Europa,C;;;;;;;;;;;;
c2,White,Croatia,horizontal_stripe,emblem,CROATIA,HR,Europa,C;;;;;;;;;;;;
c0,Blue,Cuba,horizontal_stripe,star,CUBA,CU,America(Sul),C;;;;;;;;;;;;
c1,Red,Cuba,horizontal_stripe,star,CUBA,CU,America(Sul),C;;;;;;;;;;;;
c2,White,Cuba,horizontal_stripe,star,CUBA,CU,America(Sul),C;;;;;;;;;;;;
c0,Green,Cyprus,plain,emblem,CYPRUS,CY,Oriente Medio,C;;;;;;;;;;;;
c1,Yellow,Cyprus,plain,emblem,CYPRUS,CY,Oriente Medio,C;;;;;;;;;;;;
c2,White,Cyprus,plain,emblem,CYPRUS,CY,Oriente Medio,C;;;;;;;;;;;;
c0,Blue,Czech Republic,horizontal_stripe,triangle,CZECH REPUBLIC,CZ,Europa,C;;;;;;;;;;;;
c1,Red,Czech Republic,horizontal_stripe,triangle,CZECH REPUBLIC,CZ,Europa,C;;;;;;;;;;;;
c2,White,Czech Republic,horizontal_stripe,triangle,CZECH REPUBLIC,CZ,Europa,C;;;;;;;;;;;;
c0,Blue,Democratic Republic of the Congo,plain,star,DEMOCRATIC REPUBLIC OF THE CONGO,CD,Africa,D;;;;;;;;;;;;
c1,Red,Democratic Republic of the Congo,plain,star,DEMOCRATIC REPUBLIC OF THE CONGO,CD,Africa,D;;;;;;;;;;;;
c2,Yellow,Democratic Republic of the Congo,plain,star,DEMOCRATIC REPUBLIC OF THE CONGO,CD,Africa,D;;;;;;;;;;;;
c0,Red,Denmark,plus,none,DENMARK,DK,Europa,D;;;;;;;;;;;;
c1,White,Denmark,plus,none,DENMARK,DK,Europa,D;;;;;;;;;;;;
c0,Blue,Djibouti,horizontal_stripe,star,DJIBOUTI,DJ,Africa,D;;;;;;;;;;;;
c1,Green,Djibouti,horizontal_stripe,star,DJIBOUTI,DJ,Africa,D;;;;;;;;;;;;
c2,Red,Djibouti,horizontal_stripe,star,DJIBOUTI,DJ,Africa,D;;;;;;;;;;;;
c3,White,Djibouti,horizontal_stripe,star,DJIBOUTI,DJ,Africa,D;;;;;;;;;;;;
c0,Red,Dominica,plus,none,DOMINICA,DM,America(Norte),D;;;;;;;;;;;;
c1,Green,Dominica,plus,none,DOMINICA,DM,America(Norte),D;;;;;;;;;;;;
c2,Yellow,Dominica,plus,none,DOMINICA,DM,America(Norte),D;;;;;;;;;;;;
c3,White,Dominica,plus,none,DOMINICA,DM,America(Norte),D;;;;;;;;;;;;
c4,Black,Dominica,plus,none,DOMINICA,DM,America(Norte),D;;;;;;;;;;;;
c5,Brown,Dominica,plus,none,DOMINICA,DM,America(Norte),D;;;;;;;;;;;;
c6,Purple,Dominica,plus,none,DOMINICA,DM,America(Norte),D;;;;;;;;;;;;
c0,Blue,Dominican Republic,plus,emblem,DOMINICAN REPUBLIC,DO,America(Norte),D;;;;;;;;;;;;
c1,Red,Dominican Republic,plus,emblem,DOMINICAN REPUBLIC,DO,America(Norte),D;;;;;;;;;;;;
c2,White,Dominican Republic,plus,emblem,DOMINICAN REPUBLIC,DO,America(Norte),D;;;;;;;;;;;;
c0,Blue,Dominican Republic,plus,none,DOMINICAN REPUBLIC,DO,America(Norte),D;;;;;;;;;;;;
c1,Green,Dominican Republic,plus,none,DOMINICAN REPUBLIC,DO,America(Norte),D;;;;;;;;;;;;
c2,Red,Dominican Republic,plus,none,DOMINICAN REPUBLIC,DO,America(Norte),D;;;;;;;;;;;;
c3,Yellow,Dominican Republic,plus,none,DOMINICAN REPUBLIC,DO,America(Norte),D;;;;;;;;;;;;
c4,White,Dominican Republic,plus,none,DOMINICAN REPUBLIC,DO,America(Norte),D;;;;;;;;;;;;
c5,Black,Dominican Republic,plus,none,DOMINICAN REPUBLIC,DO,America(Norte),D;;;;;;;;;;;;
c0,Blue,Ecuador,horizontal_stripe,emblem,ECUADOR,EC,America(centro),E;;;;;;;;;;;;
c1,Red,Ecuador,horizontal_stripe,emblem,ECUADOR,EC,America(centro),E;;;;;;;;;;;;
c2,Yellow,Ecuador,horizontal_stripe,emblem,ECUADOR,EC,America(centro),E;;;;;;;;;;;;
c0,Red,Egypt,horizontal_stripe,emblem,EGYPT,EG,Oriente Medio,E;;;;;;;;;;;;
c1,Yellow,Egypt,horizontal_stripe,emblem,EGYPT,EG,Oriente Medio,E;;;;;;;;;;;;
c2,White,Egypt,horizontal_stripe,emblem,EGYPT,EG,Oriente Medio,E;;;;;;;;;;;;
c3,Black,Egypt,horizontal_stripe,emblem,EGYPT,EG,Oriente Medio,E;;;;;;;;;;;;
c0,Blue,El Salvador,horizontal_stripe,emblem,EL SALVADOR,SV,America(centro),E;;;;;;;;;;;;
c1,White,El Salvador,horizontal_stripe,emblem,EL SALVADOR,SV,America(centro),E;;;;;;;;;;;;
c0,Blue,Equatorial Guinea,horizontal_stripe,none,EQUATORIAL GUINEA,GQ,Africa,E;;;;;;;;;;;;
c1,Green,Equatorial Guinea,horizontal_stripe,none,EQUATORIAL GUINEA,GQ,Africa,E;;;;;;;;;;;;
c2,Red,Equatorial Guinea,horizontal_stripe,none,EQUATORIAL GUINEA,GQ,Africa,E;;;;;;;;;;;;
c3,White,Equatorial Guinea,horizontal_stripe,none,EQUATORIAL GUINEA,GQ,Africa,E;;;;;;;;;;;;
c0,Blue,Eritrea,pennon,emblem,ERITREA,ER,Africa,E;;;;;;;;;;;;
c1,Green,Eritrea,pennon,emblem,ERITREA,ER,Africa,E;;;;;;;;;;;;
c2,Red,Eritrea,pennon,emblem,ERITREA,ER,Africa,E;;;;;;;;;;;;
c3,Yellow,Eritrea,pennon,emblem,ERITREA,ER,Africa,E;;;;;;;;;;;;
c0,Blue,Estonia,horizontal_stripe,none,ESTONIA,EE,Europa,E;;;;;;;;;;;;
c1,White,Estonia,horizontal_stripe,none,ESTONIA,EE,Europa,E;;;;;;;;;;;;
c2,Black,Estonia,horizontal_stripe,none,ESTONIA,EE,Europa,E;;;;;;;;;;;;
c0,Blue,Ethiopia,horizontal_stripe,emblem,ETHIOPIA,ET,Africa,E;;;;;;;;;;;;
c1,Green,Ethiopia,horizontal_stripe,emblem,ETHIOPIA,ET,Africa,E;;;;;;;;;;;;
c2,Red,Ethiopia,horizontal_stripe,emblem,ETHIOPIA,ET,Africa,E;;;;;;;;;;;;
c3,Yellow,Ethiopia,horizontal_stripe,emblem,ETHIOPIA,ET,Africa,E;;;;;;;;;;;;
c0,Blue,Faroe Islands,plus,none,FAROE ISLANDS,FO,Europa,F;;;;;;;;;;;;
c1,Red,Faroe Islands,plus,none,FAROE ISLANDS,FO,Europa,F;;;;;;;;;;;;
c2,White,Faroe Islands,plus,none,FAROE ISLANDS,FO,Europa,F;;;;;;;;;;;;
c0,Blue,Fiji,cross_plus,emblem,FIJI ; TWO DIFFERENT SHADES OF BLUE,FJ,Asia,F;;;;;;;;;;;
c1,Red,Fiji,cross_plus,emblem,FIJI ; TWO DIFFERENT SHADES OF BLUE,FJ,Asia,F;;;;;;;;;;;
c2,White,Fiji,cross_plus,emblem,FIJI ; TWO DIFFERENT SHADES OF BLUE,FJ,Asia,F;;;;;;;;;;;
c0,Blue,Finland,plus,none,FINLAND,FI,Europa,F;;;;;;;;;;;;
c1,White,Finland,plus,none,FINLAND,FI,Europa,F;;;;;;;;;;;;
c0,Blue,France,vertical_stripe,none,FRANCE,FR,Europa,F;;;;;;;;;;;;
c1,Red,France,vertical_stripe,none,FRANCE,FR,Europa,F;;;;;;;;;;;;
c2,White,France,vertical_stripe,none,FRANCE,FR,Europa,F;;;;;;;;;;;;
c0,Blue,Gabon,horizontal_stripe,none,GABON,GA,Africa,G;;;;;;;;;;;;
c1,Green,Gabon,horizontal_stripe,none,GABON,GA,Africa,G;;;;;;;;;;;;
c2,Yellow,Gabon,horizontal_stripe,none,GABON,GA,Africa,G;;;;;;;;;;;;
c0,Blue,Gambia,horizontal_stripe,none,GAMBIA,GM,Africa,G;;;;;;;;;;;;
c1,Green,Gambia,horizontal_stripe,none,GAMBIA,GM,Africa,G;;;;;;;;;;;;
c2,Red,Gambia,horizontal_stripe,none,GAMBIA,GM,Africa,G;;;;;;;;;;;;
c3,White,Gambia,horizontal_stripe,none,GAMBIA,GM,Africa,G;;;;;;;;;;;;
c0,Red,Georgia,plus,star,GEORGIA,GE,Europa,G;;;;;;;;;;;;
c1,White,Georgia,plus,star,GEORGIA,GE,Europa,G;;;;;;;;;;;;
c0,Red,Germany,horizontal_stripe,none,GERMANY,DE,Europa,G;;;;;;;;;;;;
c1,Yellow,Germany,horizontal_stripe,none,GERMANY,DE,Europa,G;;;;;;;;;;;;
c2,Black,Germany,horizontal_stripe,none,GERMANY,DE,Europa,G;;;;;;;;;;;;
c0,Red,Ghana,horizontal_stripe,star,GHANA,GH,Africa,G;;;;;;;;;;;;
c1,Green,Ghana,horizontal_stripe,star,GHANA,GH,Africa,G;;;;;;;;;;;;
c2,Yellow,Ghana,horizontal_stripe,star,GHANA,GH,Africa,G;;;;;;;;;;;;
c3,Black,Ghana,horizontal_stripe,star,GHANA,GH,Africa,G;;;;;;;;;;;;
c0,Red,Gibraltar,horizontal_stripe,star,GIBRALTAR,GI,Europa,G;;;;;;;;;;;;
c1,White,Gibraltar,horizontal_stripe,star,GIBRALTAR,GI,Europa,G;;;;;;;;;;;;
c0,Blue,Greece,horizontal_stripe,star,GREECE,GR,Europa,G;;;;;;;;;;;;
c1,White,Greece,horizontal_stripe,star,GREECE,GR,Europa,G;;;;;;;;;;;;
c0,Red,Greenland,horizontal_stripe,circular_disk,GREENLAND,GL,America(Norte),G;;;;;;;;;;;;
c1,White,Greenland,horizontal_stripe,circular_disk,GREENLAND,GL,America(Norte),G;;;;;;;;;;;;
c0,Red,Grenada,plain,emblem,GRENADA,GD,America(Norte),G;;;;;;;;;;;;
c1,Green,Grenada,plain,emblem,GRENADA,GD,America(Norte),G;;;;;;;;;;;;
c2,Yellow,Grenada,plain,emblem,GRENADA,GD,America(Norte),G;;;;;;;;;;;;
c0,Blue,Guatemala,vertical_stripe,emblem,GUATEMALA,GT,America(centro),G;;;;;;;;;;;;
c1,White,Guatemala,vertical_stripe,emblem,GUATEMALA,GT,America(centro),G;;;;;;;;;;;;
c0,Red,Guinea,vertical_stripe,none,GUINEA,GN,Africa,G;;;;;;;;;;;;
c1,Green,Guinea,vertical_stripe,none,GUINEA,GN,Africa,G;;;;;;;;;;;;
c2,Yellow,Guinea,vertical_stripe,none,GUINEA,GN,Africa,G;;;;;;;;;;;;
c0,Red,Guinea-Bissau,horizontal_stripe,star,GUINEA-BISSAU,GW,Africa,G;;;;;;;;;;;;
c1,Green,Guinea-Bissau,horizontal_stripe,star,GUINEA-BISSAU,GW,Africa,G;;;;;;;;;;;;
c2,Yellow,Guinea-Bissau,horizontal_stripe,star,GUINEA-BISSAU,GW,Africa,G;;;;;;;;;;;;
c3,Black,Guinea-Bissau,horizontal_stripe,star,GUINEA-BISSAU,GW,Africa,G;;;;;;;;;;;;
c0,Red,Guyana,triangle_wedge,none,GUYANA,GY,America(Sul),G;;;;;;;;;;;;
c1,Green,Guyana,triangle_wedge,none,GUYANA,GY,America(Sul),G;;;;;;;;;;;;
c2,Yellow,Guyana,triangle_wedge,none,GUYANA,GY,America(Sul),G;;;;;;;;;;;;
c3,White,Guyana,triangle_wedge,none,GUYANA,GY,America(Sul),G;;;;;;;;;;;;
c4,Black,Guyana,triangle_wedge,none,GUYANA,GY,America(Sul),G;;;;;;;;;;;;
c0,Blue,Haiti,horizontal_stripe,emblem,HAITI,HT,America(Norte),H;;;;;;;;;;;;
c1,Green,Haiti,horizontal_stripe,emblem,HAITI,HT,America(Norte),H;;;;;;;;;;;;
c2,Red,Haiti,horizontal_stripe,emblem,HAITI,HT,America(Norte),H;;;;;;;;;;;;
c3,Yellow,Haiti,horizontal_stripe,emblem,HAITI,HT,America(Norte),H;;;;;;;;;;;;
c4,White,Haiti,horizontal_stripe,emblem,HAITI,HT,America(Norte),H;;;;;;;;;;;;
c5,Black,Haiti,horizontal_stripe,emblem,HAITI,HT,America(Norte),H;;;;;;;;;;;;
c0,Blue,Honduras,horizontal_stripe,star,HONDURAS,HN,America(centro),H;;;;;;;;;;;;
c1,White,Honduras,horizontal_stripe,star,HONDURAS,HN,America(centro),H;;;;;;;;;;;;
c0,Red,Hong Kong,plain,flower,HONG KONG,HK,Asia,H;;;;;;;;;;;;
c1,White,Hong Kong,plain,flower,HONG KONG,HK,Asia,H;;;;;;;;;;;;
c0,Red,Hungary,horizontal_stripe,none,HUNGARY,HU,Europa,H;;;;;;;;;;;;
c1,White,Hungary,horizontal_stripe,none,HUNGARY,HU,Europa,H;;;;;;;;;;;;
c2,Green,Hungary,horizontal_stripe,none,HUNGARY,HU,Europa,H;;;;;;;;;;;;
c0,Blue,Iceland,plus,none,ICELAND,IS,Europa,I;;;;;;;;;;;;
c1,Red,Iceland,plus,none,ICELAND,IS,Europa,I;;;;;;;;;;;;
c2,White,Iceland,plus,none,ICELAND,IS,Europa,I;;;;;;;;;;;;
c0,Orange,India,horizontal_stripe,wheel,INDIA,IN,Asia,I;;;;;;;;;;;;
c1,Blue,India,horizontal_stripe,wheel,INDIA,IN,Asia,I;;;;;;;;;;;;
c2,Green,India,horizontal_stripe,wheel,INDIA,IN,Asia,I;;;;;;;;;;;;
c3,White,India,horizontal_stripe,wheel,INDIA,IN,Asia,I;;;;;;;;;;;;
c0,Red,Indonesia,horizontal_stripe,none,INDONESIA,ID,Asia,I;;;;;;;;;;;;
c1,White,Indonesia,horizontal_stripe,none,INDONESIA,ID,Asia,I;;;;;;;;;;;;
c0,Red,Iran,horizontal_stripe,emblem,IRAN,IR,Oriente Medio,I;;;;;;;;;;;;
c1,White,Iran,horizontal_stripe,emblem,IRAN,IR,Oriente Medio,I;;;;;;;;;;;;
c2,Green,Iran,horizontal_stripe,emblem,IRAN,IR,Oriente Medio,I;;;;;;;;;;;;
c0,Red,Iraq,horizontal_stripe,script,IRAQ,IQ,Oriente Medio,I;;;;;;;;;;;;
c1,Green,Iraq,horizontal_stripe,script,IRAQ,IQ,Oriente Medio,I;;;;;;;;;;;;
c2,Black,Iraq,horizontal_stripe,script,IRAQ,IQ,Oriente Medio,I;;;;;;;;;;;;
c3,White,Iraq,horizontal_stripe,script,IRAQ,IQ,Oriente Medio,I;;;;;;;;;;;;
c0,Green,Ireland,vertical_stripe,none,IRELAND,IE,Europa,I;;;;;;;;;;;;
c1,White,Ireland,vertical_stripe,none,IRELAND,IE,Europa,I;;;;;;;;;;;;
c2,Orange,Ireland,vertical_stripe,none,IRELAND,IE,Europa,I;;;;;;;;;;;;
c0,Blue,Israel,horizontal_stripe,star,ISRAEL,IL,Oriente Medio,I;;;;;;;;;;;;
c1,White,Israel,horizontal_stripe,star,ISRAEL,IL,Oriente Medio,I;;;;;;;;;;;;
c0,Red,Italy,vertical_stripe,none,ITALY,IT,Europa,I;;;;;;;;;;;;
c1,White,Italy,vertical_stripe,none,ITALY,IT,Europa,I;;;;;;;;;;;;
c2,Green,Italy,vertical_stripe,none,ITALY,IT,Europa,I;;;;;;;;;;;;
c0,Green,Ivory Coast,vertical_stripe,none,IVORY COAST,CI,Africa,I;;;;;;;;;;;;
c1,White,Ivory Coast,vertical_stripe,none,IVORY COAST,CI,Africa,I;;;;;;;;;;;;
c2,Orange,Ivory Coast,vertical_stripe,none,IVORY COAST,CI,Africa,I;;;;;;;;;;;;
c0,Green,Jamaica,cross,none,JAMAICA,JM,America(Norte),J;;;;;;;;;;;;
c1,Gold,Jamaica,cross,none,JAMAICA,JM,America(Norte),J;;;;;;;;;;;;
c2,Black,Jamaica,cross,none,JAMAICA,JM,America(Norte),J;;;;;;;;;;;;
c0,Red,Japan,plain,sun,JAPAN,JP,Asia,J;;;;;;;;;;;;
c1,White,Japan,plain,sun,JAPAN,JP,Asia,J;;;;;;;;;;;;
c0,Red,Jordan,horizontal_stripe,star,JORDAN,JO,Oriente Medio,J;;;;;;;;;;;;
c1,Green,Jordan,horizontal_stripe,star,JORDAN,JO,Oriente Medio,J;;;;;;;;;;;;
c2,Black,Jordan,horizontal_stripe,star,JORDAN,JO,Oriente Medio,J;;;;;;;;;;;;
c3,White,Jordan,horizontal_stripe,star,JORDAN,JO,Oriente Medio,J;;;;;;;;;;;;
c0,Blue,Kazakhstan,plain,emblem,KAZAKHSTAN,KZ,Europa,K;;;;;;;;;;;;
c1,Yellow,Kazakhstan,plain,emblem,KAZAKHSTAN,KZ,Europa,K;;;;;;;;;;;;
c0,Red,Kenya,horizontal_stripe,emblem,KENYA,KE,Africa,K;;;;;;;;;;;;
c1,Green,Kenya,horizontal_stripe,emblem,KENYA,KE,Africa,K;;;;;;;;;;;;
c2,Black,Kenya,horizontal_stripe,emblem,KENYA,KE,Africa,K;;;;;;;;;;;;
c3,White,Kenya,horizontal_stripe,emblem,KENYA,KE,Africa,K;;;;;;;;;;;;
c0,Blue,Kiribati,horizontal_stripe,sun,KIRIBATI,KI,Oceania,K;;;;;;;;;;;;
c1,Red,Kiribati,horizontal_stripe,sun,KIRIBATI,KI,Oceania,K;;;;;;;;;;;;
c2,Yellow,Kiribati,horizontal_stripe,sun,KIRIBATI,KI,Oceania,K;;;;;;;;;;;;
c3,White,Kiribati,horizontal_stripe,sun,KIRIBATI,KI,Oceania,K;;;;;;;;;;;;
c0,Red,Kuwait,horizontal_stripe,none,KUWAIT,KW,Oriente Medio,K;;;;;;;;;;;;
c1,Green,Kuwait,horizontal_stripe,none,KUWAIT,KW,Oriente Medio,K;;;;;;;;;;;;
c2,Black,Kuwait,horizontal_stripe,none,KUWAIT,KW,Oriente Medio,K;;;;;;;;;;;;
c3,White,Kuwait,horizontal_stripe,none,KUWAIT,KW,Oriente Medio,K;;;;;;;;;;;;
c0,Red,Kyrgyzstan,plain,emblem,KYRGYZSTAN,KG,Asia,K;;;;;;;;;;;;
c1,Yellow,Kyrgyzstan,plain,emblem,KYRGYZSTAN,KG,Asia,K;;;;;;;;;;;;
c0,Blue,Laos,horizontal_stripe,circular_disk,LAOS,LA,Asia,L;;;;;;;;;;;;
c1,Red,Laos,horizontal_stripe,circular_disk,LAOS,LA,Asia,L;;;;;;;;;;;;
c2,White,Laos,horizontal_stripe,circular_disk,LAOS,LA,Asia,L;;;;;;;;;;;;
c0,Red,Latvia,horizontal_stripe,none,LATVIA,LV,Europa,L;;;;;;;;;;;;
c1,White,Latvia,horizontal_stripe,none,LATVIA,LV,Europa,L;;;;;;;;;;;;
c0,Red,Lebanon,horizontal_stripe,tree,LEBANON,LB,Oriente Medio,L;;;;;;;;;;;;
c1,White,Lebanon,horizontal_stripe,tree,LEBANON,LB,Oriente Medio,L;;;;;;;;;;;;
c2,Green,Lebanon,horizontal_stripe,tree,LEBANON,LB,Oriente Medio,L;;;;;;;;;;;;
c0,Blue,Lesotho,horizontal_stripe,emblem,LESOTHO,LS,Africa,L;;;;;;;;;;;;
c1,Green,Lesotho,horizontal_stripe,emblem,LESOTHO,LS,Africa,L;;;;;;;;;;;;
c2,White,Lesotho,horizontal_stripe,emblem,LESOTHO,LS,Africa,L;;;;;;;;;;;;
c3,Black,Lesotho,horizontal_stripe,emblem,LESOTHO,LS,Africa,L;;;;;;;;;;;;
c0,Blue,Liberia,horizontal_stripe,star,LIBERIA,LR,Africa,L;;;;;;;;;;;;
c1,Red,Liberia,horizontal_stripe,star,LIBERIA,LR,Africa,L;;;;;;;;;;;;
c2,White,Liberia,horizontal_stripe,star,LIBERIA,LR,Africa,L;;;;;;;;;;;;
c0,Red,Libya,horizontal_stripe,star_moon,LIBYA,LY,Asia,L;;;;;;;;;;;;
c1,Green,Libya,horizontal_stripe,star_moon,LIBYA,LY,Asia,L;;;;;;;;;;;;
c2,Black,Libya,horizontal_stripe,star_moon,LIBYA,LY,Asia,L;;;;;;;;;;;;
c3,White,Libya,horizontal_stripe,star_moon,LIBYA,LY,Asia,L;;;;;;;;;;;;
c0,Blue,Liechtenstein,horizontal_stripe,emblem,LIECHTENSTEIN,LI,Europa,L;;;;;;;;;;;;
c1,Red,Liechtenstein,horizontal_stripe,emblem,LIECHTENSTEIN,LI,Europa,L;;;;;;;;;;;;
c2,Yellow,Liechtenstein,horizontal_stripe,emblem,LIECHTENSTEIN,LI,Europa,L;;;;;;;;;;;;
c3,Black,Liechtenstein,horizontal_stripe,emblem,LIECHTENSTEIN,LI,Europa,L;;;;;;;;;;;;
c0,Red,Lithuania,horizontal_stripe,none,LITHUANIA,LT,Europa,L;;;;;;;;;;;;
c1,Green,Lithuania,horizontal_stripe,none,LITHUANIA,LT,Europa,L;;;;;;;;;;;;
c2,Yellow,Lithuania,horizontal_stripe,none,LITHUANIA,LT,Europa,L;;;;;;;;;;;;
c0,Blue,Luxembourg,horizontal_stripe,none,LUXEMBOURG,LU,Europa,L;;;;;;;;;;;;
c1,Red,Luxembourg,horizontal_stripe,none,LUXEMBOURG,LU,Europa,L;;;;;;;;;;;;
c2,White,Luxembourg,horizontal_stripe,none,LUXEMBOURG,LU,Europa,L;;;;;;;;;;;;
c0,Green,Macau,plain,emblem,MACAU,MO,Asia,M;;;;;;;;;;;;
c1,Yellow,Macau,plain,emblem,MACAU,MO,Asia,M;;;;;;;;;;;;
c2,White,Macau,plain,emblem,MACAU,MO,Asia,M;;;;;;;;;;;;
c0,Red,Macedonia,plain,sun,MACEDONIA,MK,Europa,M;;;;;;;;;;;;
c1,Yellow,Macedonia,plain,sun,MACEDONIA,MK,Europa,M;;;;;;;;;;;;
c0,Red,Madagascar,stripe_both,none,MADAGASCAR,MG,Africa,M;;;;;;;;;;;;
c1,White,Madagascar,stripe_both,none,MADAGASCAR,MG,Africa,M;;;;;;;;;;;;
c2,Green,Madagascar,stripe_both,none,MADAGASCAR,MG,Africa,M;;;;;;;;;;;;
c0,Red,Malawi,horizontal_stripe,sun,MALAWI,MW,Africa,M;;;;;;;;;;;;
c1,Green,Malawi,horizontal_stripe,sun,MALAWI,MW,Africa,M;;;;;;;;;;;;
c2,Black,Malawi,horizontal_stripe,sun,MALAWI,MW,Africa,M;;;;;;;;;;;;
c0,Blue,Malaysia,horizontal_stripe,star_moon,MALAYSIA,MY,Asia,M;;;;;;;;;;;;
c1,Red,Malaysia,horizontal_stripe,star_moon,MALAYSIA,MY,Asia,M;;;;;;;;;;;;
c2,Yellow,Malaysia,horizontal_stripe,star_moon,MALAYSIA,MY,Asia,M;;;;;;;;;;;;
c3,White,Malaysia,horizontal_stripe,star_moon,MALAYSIA,MY,Asia,M;;;;;;;;;;;;
c0,Red,Maldives,rectangle,moon,MALDIVES,MV,Asia,M;;;;;;;;;;;;
c1,White,Maldives,rectangle,moon,MALDIVES,MV,Asia,M;;;;;;;;;;;;
c2,Green,Maldives,rectangle,moon,MALDIVES,MV,Asia,M;;;;;;;;;;;;
c0,Red,Mali,vertical_stripe,none,MALI,ML,Africa,M;;;;;;;;;;;;
c1,Green,Mali,vertical_stripe,none,MALI,ML,Africa,M;;;;;;;;;;;;
c2,Yellow,Mali,vertical_stripe,none,MALI,ML,Africa,M;;;;;;;;;;;;
c0,Red,Malta,vertical_stripe,emblem,MALTA,MT,Europa,M;;;;;;;;;;;;
c1,White,Malta,vertical_stripe,emblem,MALTA,MT,Europa,M;;;;;;;;;;;;
c2,Black,Malta,vertical_stripe,emblem,MALTA,MT,Europa,M;;;;;;;;;;;;
c3,Gray,Malta,vertical_stripe,emblem,MALTA,MT,Europa,M;;;;;;;;;;;;
c0,Blue,Marshall Islands,line_across,star,MARSHALL ISLANDS,MH,Oceania,M;;;;;;;;;;;;
c1,White,Marshall Islands,line_across,star,MARSHALL ISLANDS,MH,Oceania,M;;;;;;;;;;;;
c2,Orange,Marshall Islands,line_across,star,MARSHALL ISLANDS,MH,Oceania,M;;;;;;;;;;;;
c0,Green,Mauritania,plain,star_moon,MAURITANIA,MR,Africa,M;;;;;;;;;;;;
c1,Yellow,Mauritania,plain,star_moon,MAURITANIA,MR,Africa,M;;;;;;;;;;;;
c0,Blue,Mauritius,horizontal_stripe,none,MAURITIUS,MU,Africa,M;;;;;;;;;;;;
c1,Green,Mauritius,horizontal_stripe,none,MAURITIUS,MU,Africa,M;;;;;;;;;;;;
c2,Red,Mauritius,horizontal_stripe,none,MAURITIUS,MU,Africa,M;;;;;;;;;;;;
c3,Yellow,Mauritius,horizontal_stripe,none,MAURITIUS,MU,Africa,M;;;;;;;;;;;;
c0,Red,Mexico,vertical_stripe,emblem,MEXICO,MX,America(Norte),M;;;;;;;;;;;;
c1,White,Mexico,vertical_stripe,emblem,MEXICO,MX,America(Norte),M;;;;;;;;;;;;
c2,Green,Mexico,vertical_stripe,emblem,MEXICO,MX,America(Norte),M;;;;;;;;;;;;
c0,Blue,Micronesia,plain,star,MICRONESIA,FM,Oceania,M;;;;;;;;;;;;
c1,White,Micronesia,plain,star,MICRONESIA,FM,Oceania,M;;;;;;;;;;;;
c0,Blue,Moldova,vertical_stripe,emblem,MOLDOVA,MD,Europa,M;;;;;;;;;;;;
c0,Blue,Moldova,vertical_stripe,emblem,MOLDOVA,MD,Europa,M;;;;;;;;;;;;
c1,Red,Moldova,vertical_stripe,emblem,MOLDOVA,MD,Europa,M;;;;;;;;;;;;
c1,Green,Moldova,vertical_stripe,emblem,MOLDOVA,MD,Europa,M;;;;;;;;;;;;
c2,Yellow,Moldova,vertical_stripe,emblem,MOLDOVA,MD,Europa,M;;;;;;;;;;;;
c2,Red,Moldova,vertical_stripe,emblem,MOLDOVA,MD,Europa,M;;;;;;;;;;;;
c3,Yellow,Moldova,vertical_stripe,emblem,MOLDOVA,MD,Europa,M;;;;;;;;;;;;
c4,Black,Moldova,vertical_stripe,emblem,MOLDOVA,MD,Europa,M;;;;;;;;;;;;
c5,Brown,Moldova,vertical_stripe,emblem,MOLDOVA,MD,Europa,M;;;;;;;;;;;;
c0,Red,Monaco,horizontal_stripe,none,MONACO,MC,Europa,M;;;;;;;;;;;;
c1,White,Monaco,horizontal_stripe,none,MONACO,MC,Europa,M;;;;;;;;;;;;
c0,Blue,Mongolia,vertical_stripe,emblem,MONGOLIA,MN,Asia,M;;;;;;;;;;;;
c1,Red,Mongolia,vertical_stripe,emblem,MONGOLIA,MN,Asia,M;;;;;;;;;;;;
c2,Yellow,Mongolia,vertical_stripe,emblem,MONGOLIA,MN,Asia,M;;;;;;;;;;;;
c0,Red,Montenegro,plain,emblem,MONTENEGRO,ME,Europa,M;;;;;;;;;;;;
c0,Blue,Montenegro,plain,emblem,MONTENEGRO,ME,Europa,M;;;;;;;;;;;;
c1,Yellow,Montenegro,plain,emblem,MONTENEGRO,ME,Europa,M;;;;;;;;;;;;
c1,Green,Montenegro,plain,emblem,MONTENEGRO,ME,Europa,M;;;;;;;;;;;;
c2,Red,Montenegro,plain,emblem,MONTENEGRO,ME,Europa,M;;;;;;;;;;;;
c3,Yellow,Montenegro,plain,emblem,MONTENEGRO,ME,Europa,M;;;;;;;;;;;;
c0,Blue,Montserrat,cross_plus,emblem,MONTSERRAT,MS,Europa,M;;;;;;;;;;;;
c1,Green,Montserrat,cross_plus,emblem,MONTSERRAT,MS,Europa,M;;;;;;;;;;;;
c2,Red,Montserrat,cross_plus,emblem,MONTSERRAT,MS,Europa,M;;;;;;;;;;;;
c3,Yellow,Montserrat,cross_plus,emblem,MONTSERRAT,MS,Europa,M;;;;;;;;;;;;
c4,White,Montserrat,cross_plus,emblem,MONTSERRAT,MS,Europa,M;;;;;;;;;;;;
c5,Black,Montserrat,cross_plus,emblem,MONTSERRAT,MS,Europa,M;;;;;;;;;;;;
c6,Brown,Montserrat,cross_plus,emblem,MONTSERRAT,MS,Europa,M;;;;;;;;;;;;
c7,Pink,Montserrat,cross_plus,emblem,MONTSERRAT,MS,Europa,M;;;;;;;;;;;;
c0,Red,Morocco,plain,star,MOROCCO,MA,Africa,M;;;;;;;;;;;;
c1,Green,Morocco,plain,star,MOROCCO,MA,Africa,M;;;;;;;;;;;;
c0,Red,Mozambique,horizontal_stripe,emblem,MOZAMBIQUE,MZ,Africa,M;;;;;;;;;;;;
c1,Green,Mozambique,horizontal_stripe,emblem,MOZAMBIQUE,MZ,Africa,M;;;;;;;;;;;;
c2,Yellow,Mozambique,horizontal_stripe,emblem,MOZAMBIQUE,MZ,Africa,M;;;;;;;;;;;;
c3,White,Mozambique,horizontal_stripe,emblem,MOZAMBIQUE,MZ,Africa,M;;;;;;;;;;;;
c4,Black,Mozambique,horizontal_stripe,emblem,MOZAMBIQUE,MZ,Africa,M;;;;;;;;;;;;
c0,Blue,Namibia,across_stripe,star,NAMIBIA,NA,Africa,N;;;;;;;;;;;;
c1,Green,Namibia,across_stripe,star,NAMIBIA,NA,Africa,N;;;;;;;;;;;;
c2,Red,Namibia,across_stripe,star,NAMIBIA,NA,Africa,N;;;;;;;;;;;;
c3,Yellow,Namibia,across_stripe,star,NAMIBIA,NA,Africa,N;;;;;;;;;;;;
c4,White,Namibia,across_stripe,star,NAMIBIA,NA,Africa,N;;;;;;;;;;;;
c0,Blue,Nauru,horizontal_stripe,star,NAURU,NR,Oceania,N;;;;;;;;;;;;
c1,Yellow,Nauru,horizontal_stripe,star,NAURU,NR,Oceania,N;;;;;;;;;;;;
c2,White,Nauru,horizontal_stripe,star,NAURU,NR,Oceania,N;;;;;;;;;;;;
c0,Blue,Nepal,pennon,star,NEPAL,NP,Asia,N;;;;;;;;;;;;
c1,Red,Nepal,pennon,star,NEPAL,NP,Asia,N;;;;;;;;;;;;
c2,White,Nepal,pennon,star,NEPAL,NP,Asia,N;;;;;;;;;;;;
c0,Blue,Netherlands,horizontal_stripe,none,NETHERLANDS,NL,Europa,N;;;;;;;;;;;;
c1,Red,Netherlands,horizontal_stripe,none,NETHERLANDS,NL,Europa,N;;;;;;;;;;;;
c2,White,Netherlands,horizontal_stripe,none,NETHERLANDS,NL,Europa,N;;;;;;;;;;;;
c0,Blue,New Zealand,cross_plus,star,NEW ZEALAND,NZ,Oceania,N;;;;;;;;;;;;
c1,Red,New Zealand,cross_plus,star,NEW ZEALAND,NZ,Oceania,N;;;;;;;;;;;;
c2,White,New Zealand,cross_plus,star,NEW ZEALAND,NZ,Oceania,N;;;;;;;;;;;;
c0,Blue,Nicaragua,horizontal_stripe,emblem,NICARAGUA,NI,America(centro),N;;;;;;;;;;;;
c1,White,Nicaragua,horizontal_stripe,emblem,NICARAGUA,NI,America(centro),N;;;;;;;;;;;;
c0,Green,Niger,horizontal_stripe,circular_disk,NIGER,NE,Africa,N;;;;;;;;;;;;
c1,White,Niger,horizontal_stripe,circular_disk,NIGER,NE,Africa,N;;;;;;;;;;;;
c2,Orange,Niger,horizontal_stripe,circular_disk,NIGER,NE,Africa,N;;;;;;;;;;;;
c0,Green,Nigeria,vertical_stripe,none,NIGERIA,NG,Africa,N;;;;;;;;;;;;
c1,White,Nigeria,vertical_stripe,none,NIGERIA,NG,Africa,N;;;;;;;;;;;;
c0,Yellow,Niue,cross_plus,star,NIUE,NU,Oceania,N;;;;;;;;;;;;
c0,Green,Norfolk Island,vertical_stripe,tree,NORFOLK ISLAND,NF,Oceania,N;;;;;;;;;;;;
c1,White,Norfolk Island,vertical_stripe,tree,NORFOLK ISLAND,NF,Oceania,N;;;;;;;;;;;;
c0,Blue,North Korea,horizontal_stripe,star,NORTH KOREA,KP,Asia,N;;;;;;;;;;;;
c1,Red,North Korea,horizontal_stripe,star,NORTH KOREA,KP,Asia,N;;;;;;;;;;;;
c2,White,North Korea,horizontal_stripe,star,NORTH KOREA,KP,Asia,N;;;;;;;;;;;;
c0,Blue,Northern Mariana Islands,plain,emblem,NORTHERN MARIANA ISLANDS,MP,Oceania,N;;;;;;;;;;;;
c1,Green,Northern Mariana Islands,plain,emblem,NORTHERN MARIANA ISLANDS,MP,Oceania,N;;;;;;;;;;;;
c2,Red,Northern Mariana Islands,plain,emblem,NORTHERN MARIANA ISLANDS,MP,Oceania,N;;;;;;;;;;;;
c3,Yellow,Northern Mariana Islands,plain,emblem,NORTHERN MARIANA ISLANDS,MP,Oceania,N;;;;;;;;;;;;
c4,White,Northern Mariana Islands,plain,emblem,NORTHERN MARIANA ISLANDS,MP,Oceania,N;;;;;;;;;;;;
c5,Black,Northern Mariana Islands,plain,emblem,NORTHERN MARIANA ISLANDS,MP,Oceania,N;;;;;;;;;;;;
c6,Brown,Northern Mariana Islands,plain,emblem,NORTHERN MARIANA ISLANDS,MP,Oceania,N;;;;;;;;;;;;
c7,Gray,Northern Mariana Islands,plain,emblem,NORTHERN MARIANA ISLANDS,MP,Oceania,N;;;;;;;;;;;;
c8,Purple,Northern Mariana Islands,plain,emblem,NORTHERN MARIANA ISLANDS,MP,Oceania,N;;;;;;;;;;;;
c0,Blue,Norway,plus,none,NORWAY,NO,Europa,N;;;;;;;;;;;;
c1,Red,Norway,plus,none,NORWAY,NO,Europa,N;;;;;;;;;;;;
c2,White,Norway,plus,none,NORWAY,NO,Europa,N;;;;;;;;;;;;
c0,Red,Oman,stripe_both,emblem,OMAN,OM,Oriente Medio,O;;;;;;;;;;;;
c1,White,Oman,stripe_both,emblem,OMAN,OM,Oriente Medio,O;;;;;;;;;;;;
c2,Green,Oman,stripe_both,emblem,OMAN,OM,Oriente Medio,O;;;;;;;;;;;;
c0,Green,Pakistan,vertical_stripe,star_moon,PAKISTAN,PK,Asia,P;;;;;;;;;;;;
c1,White,Pakistan,vertical_stripe,star_moon,PAKISTAN,PK,Asia,P;;;;;;;;;;;;
c0,Blue,Palau,plain,moon,PALAU,PW,Oceania,P;;;;;;;;;;;;
c1,Yellow,Palau,plain,moon,PALAU,PW,Oceania,P;;;;;;;;;;;;
c0,Red,Palestine,horizontal_stripe,triangle,PALESTINE,PS,Oriente Medio,P;;;;;;;;;;;;
c1,Green,Palestine,horizontal_stripe,triangle,PALESTINE,PS,Oriente Medio,P;;;;;;;;;;;;
c2,Black,Palestine,horizontal_stripe,triangle,PALESTINE,PS,Oriente Medio,P;;;;;;;;;;;;
c3,White,Palestine,horizontal_stripe,triangle,PALESTINE,PS,Oriente Medio,P;;;;;;;;;;;;
c0,Blue,Panama,chess,star,PANAMA,PA,America(centro),P;;;;;;;;;;;;
c1,Red,Panama,chess,star,PANAMA,PA,America(centro),P;;;;;;;;;;;;
c2,White,Panama,chess,star,PANAMA,PA,America(centro),P;;;;;;;;;;;;
c0,Blue,Paraguay,horizontal_stripe,emblem,PARAGUAY,PY,America(Sul),P;;;;;;;;;;;;
c1,Red,Paraguay,horizontal_stripe,emblem,PARAGUAY,PY,America(Sul),P;;;;;;;;;;;;
c2,White,Paraguay,horizontal_stripe,emblem,PARAGUAY,PY,America(Sul),P;;;;;;;;;;;;
c0,Red,Peru,vertical_stripe,none,PERU,PE,America(Sul),P;;;;;;;;;;;;
c1,White,Peru,vertical_stripe,none,PERU,PE,America(Sul),P;;;;;;;;;;;;
c0,Blue,Philippines,horizontal_stripe,star_sun,PHILIPPINES,PH,Asia,P;;;;;;;;;;;;
c1,Red,Philippines,horizontal_stripe,star_sun,PHILIPPINES,PH,Asia,P;;;;;;;;;;;;
c2,Yellow,Philippines,horizontal_stripe,star_sun,PHILIPPINES,PH,Asia,P;;;;;;;;;;;;
c3,White,Philippines,horizontal_stripe,star_sun,PHILIPPINES,PH,Asia,P;;;;;;;;;;;;
c0,Red,Poland,horizontal_stripe,none,POLAND,PL,Europa,P;;;;;;;;;;;;
c1,White,Poland,horizontal_stripe,none,POLAND,PL,Europa,P;;;;;;;;;;;;
c0,Blue,Portugal,vertical_stripe,emblem,PORTUGAL,PT,Europa,P;;;;;;;;;;;;
c1,Green,Portugal,vertical_stripe,emblem,PORTUGAL,PT,Europa,P;;;;;;;;;;;;
c2,Red,Portugal,vertical_stripe,emblem,PORTUGAL,PT,Europa,P;;;;;;;;;;;;
c3,Yellow,Portugal,vertical_stripe,emblem,PORTUGAL,PT,Europa,P;;;;;;;;;;;;
c4,White,Portugal,vertical_stripe,emblem,PORTUGAL,PT,Europa,P;;;;;;;;;;;;
c5,Black,Portugal,vertical_stripe,emblem,PORTUGAL,PT,Europa,P;;;;;;;;;;;;
c0,Blue,Puerto Rico,horizontal_stripe,star,PUERTO RICO,PR,America(Norte),P;;;;;;;;;;;;
c1,Red,Puerto Rico,horizontal_stripe,star,PUERTO RICO,PR,America(Norte),P;;;;;;;;;;;;
c2,White,Puerto Rico,horizontal_stripe,star,PUERTO RICO,PR,America(Norte),P;;;;;;;;;;;;
c0,Red,Qatar,paper_cut,none,QATAR,QA,Oriente Medio,Q;;;;;;;;;;;;
c1,White,Qatar,paper_cut,none,QATAR,QA,Oriente Medio,Q;;;;;;;;;;;;
c0,Red,Republic of the Congo,across_stripe,none,REPUBLIC OF THE CONGO,CD,Africa,R;;;;;;;;;;;;
c1,Green,Republic of the Congo,across_stripe,none,REPUBLIC OF THE CONGO,CD,Africa,R;;;;;;;;;;;;
c2,Yellow,Republic of the Congo,across_stripe,none,REPUBLIC OF THE CONGO,CD,Africa,R;;;;;;;;;;;;
c0,Blue,Romania,vertical_stripe,none,ROMANIA,RO,Europa,R;;;;;;;;;;;;
c1,Red,Romania,vertical_stripe,none,ROMANIA,RO,Europa,R;;;;;;;;;;;;
c2,Yellow,Romania,vertical_stripe,none,ROMANIA,RO,Europa,R;;;;;;;;;;;;
c0,Blue,Russia,horizontal_stripe,none,RUSSIA,RU,Europa,R;;;;;;;;;;;;
c1,Red,Russia,horizontal_stripe,none,RUSSIA,RU,Europa,R;;;;;;;;;;;;
c2,White,Russia,horizontal_stripe,none,RUSSIA,RU,Europa,R;;;;;;;;;;;;
c0,Blue,Rwanda,horizontal_stripe,star,RWANDA,RW,Africa,R;;;;;;;;;;;;
c1,Green,Rwanda,horizontal_stripe,star,RWANDA,RW,Africa,R;;;;;;;;;;;;
c2,Yellow,Rwanda,horizontal_stripe,star,RWANDA,RW,Africa,R;;;;;;;;;;;;
c0,Red,Saint Kitts and Nevis,across_stripe,star,SAINT KITTS AND NEVIS,KN,America(Norte),S;;;;;;;;;;;;
c1,Green,Saint Kitts and Nevis,across_stripe,star,SAINT KITTS AND NEVIS,KN,America(Norte),S;;;;;;;;;;;;
c2,Yellow,Saint Kitts and Nevis,across_stripe,star,SAINT KITTS AND NEVIS,KN,America(Norte),S;;;;;;;;;;;;
c3,White,Saint Kitts and Nevis,across_stripe,star,SAINT KITTS AND NEVIS,KN,America(Norte),S;;;;;;;;;;;;
c4,Black,Saint Kitts and Nevis,across_stripe,star,SAINT KITTS AND NEVIS,KN,America(Norte),S;;;;;;;;;;;;
c0,Blue,Saint Lucia,plain,triangle,SAINT LUCIA,LC,America(Norte),S;;;;;;;;;;;;
c1,Yellow,Saint Lucia,plain,triangle,SAINT LUCIA,LC,America(Norte),S;;;;;;;;;;;;
c2,White,Saint Lucia,plain,triangle,SAINT LUCIA,LC,America(Norte),S;;;;;;;;;;;;
c3,Black,Saint Lucia,plain,triangle,SAINT LUCIA,LC,America(Norte),S;;;;;;;;;;;;
c0,Blue,Saint Vincent and the Grenadines,vertical_stripe,emblem,SAINT VINCENT AND THE GRENADINES,VC,America(Norte),S;;;;;;;;;;;;
c1,Green,Saint Vincent and the Grenadines,vertical_stripe,emblem,SAINT VINCENT AND THE GRENADINES,VC,America(Norte),S;;;;;;;;;;;;
c2,Yellow,Saint Vincent and the Grenadines,vertical_stripe,emblem,SAINT VINCENT AND THE GRENADINES,VC,America(Norte),S;;;;;;;;;;;;
c0,Blue,Samoa,plain,star,SAMOA,WS,Oceania,S;;;;;;;;;;;;
c1,Red,Samoa,plain,star,SAMOA,WS,Oceania,S;;;;;;;;;;;;
c2,White,Samoa,plain,star,SAMOA,WS,Oceania,S;;;;;;;;;;;;
c0,Blue,San Marino,horizontal_stripe,emblem,SAN MARINO,SM,Europa,S;;;;;;;;;;;;
c1,White,San Marino,horizontal_stripe,emblem,SAN MARINO,SM,Europa,S;;;;;;;;;;;;
c0,Green,Saudi Arabia,plain,script,SAUDI ARABIA,SA,Oriente Medio,S;;;;;;;;;;;;
c1,White,Saudi Arabia,plain,script,SAUDI ARABIA,SA,Oriente Medio,S;;;;;;;;;;;;
c0,Red,Senegal,vertical_stripe,star,SENEGAL,SN,Africa,S;;;;;;;;;;;;
c1,Green,Senegal,vertical_stripe,star,SENEGAL,SN,Africa,S;;;;;;;;;;;;
c2,Yellow,Senegal,vertical_stripe,star,SENEGAL,SN,Africa,S;;;;;;;;;;;;
c0,Blue,Serbia,horizontal_stripe,emblem,SERBIA,RS,Europa,S;;;;;;;;;;;;
c1,Red,Serbia,horizontal_stripe,emblem,SERBIA,RS,Europa,S;;;;;;;;;;;;
c2,White,Serbia,horizontal_stripe,emblem,SERBIA,RS,Europa,S;;;;;;;;;;;;
c0,Blue,Seychelles,oblique_bands,none,SEYCHELLES,SC,Africa,S;;;;;;;;;;;;
c1,Green,Seychelles,oblique_bands,none,SEYCHELLES,SC,Africa,S;;;;;;;;;;;;
c2,Red,Seychelles,oblique_bands,none,SEYCHELLES,SC,Africa,S;;;;;;;;;;;;
c3,Yellow,Seychelles,oblique_bands,none,SEYCHELLES,SC,Africa,S;;;;;;;;;;;;
c4,White,Seychelles,oblique_bands,none,SEYCHELLES,SC,Africa,S;;;;;;;;;;;;
c0,Blue,Sierra Leone,horizontal_stripe,none,SIERRA LEONE,SL,Africa,S;;;;;;;;;;;;
c1,Green,Sierra Leone,horizontal_stripe,none,SIERRA LEONE,SL,Africa,S;;;;;;;;;;;;
c2,White,Sierra Leone,horizontal_stripe,none,SIERRA LEONE,SL,Africa,S;;;;;;;;;;;;
c0,Red,Singapore,horizontal_stripe,star_moon,SINGAPORE,SG,Asia,S;;;;;;;;;;;;
c1,White,Singapore,horizontal_stripe,star_moon,SINGAPORE,SG,Asia,S;;;;;;;;;;;;
c0,Blue,Slovakia,horizontal_stripe,emblem,SLOVAKIA,SK,Europa,S;;;;;;;;;;;;
c1,Red,Slovakia,horizontal_stripe,emblem,SLOVAKIA,SK,Europa,S;;;;;;;;;;;;
c2,White,Slovakia,horizontal_stripe,emblem,SLOVAKIA,SK,Europa,S;;;;;;;;;;;;
c0,Blue,Slovenia,horizontal_stripe,emblem,SLOVENIA,SI,Europa,S;;;;;;;;;;;;
c1,Red,Slovenia,horizontal_stripe,emblem,SLOVENIA,SI,Europa,S;;;;;;;;;;;;
c2,White,Slovenia,horizontal_stripe,emblem,SLOVENIA,SI,Europa,S;;;;;;;;;;;;
c0,Blue,Solomon Islands,across_stripe,star,SOLOMON ISLANDS,SB,Oceania,S;;;;;;;;;;;;
c1,Green,Solomon Islands,across_stripe,star,SOLOMON ISLANDS,SB,Oceania,S;;;;;;;;;;;;
c2,Yellow,Solomon Islands,across_stripe,star,SOLOMON ISLANDS,SB,Oceania,S;;;;;;;;;;;;
c3,White,Solomon Islands,across_stripe,star,SOLOMON ISLANDS,SB,Oceania,S;;;;;;;;;;;;
c0,Blue,Somalia,plain,star,SOMALIA,SO,Africa,S;;;;;;;;;;;;
c1,White,Somalia,plain,star,SOMALIA,SO,Africa,S;;;;;;;;;;;;
c0,Red,Somaliland,horizontal_stripe,star,SOMALILAND,SO,Africa,S;;;;;;;;;;;;
c1,Green,Somaliland,horizontal_stripe,star,SOMALILAND,SO,Africa,S;;;;;;;;;;;;
c2,Black,Somaliland,horizontal_stripe,star,SOMALILAND,SO,Africa,S;;;;;;;;;;;;
c3,White,Somaliland,horizontal_stripe,star,SOMALILAND,SO,Africa,S;;;;;;;;;;;;
c0,Blue,South Africa,y_stripe,none,SOUTH AFRICA,ZA,Africa,S;;;;;;;;;;;;
c1,Green,South Africa,y_stripe,none,SOUTH AFRICA,ZA,Africa,S;;;;;;;;;;;;
c2,Red,South Africa,y_stripe,none,SOUTH AFRICA,ZA,Africa,S;;;;;;;;;;;;
c3,Yellow,South Africa,y_stripe,none,SOUTH AFRICA,ZA,Africa,S;;;;;;;;;;;;
c4,White,South Africa,y_stripe,none,SOUTH AFRICA,ZA,Africa,S;;;;;;;;;;;;
c5,Black,South Africa,y_stripe,none,SOUTH AFRICA,ZA,Africa,S;;;;;;;;;;;;
c0,Blue,South Korea,plain,yin-yang,SOUTH KOREA,KR,Asia,S;;;;;;;;;;;;
c1,Red,South Korea,plain,yin-yang,SOUTH KOREA,KR,Asia,S;;;;;;;;;;;;
c2,White,South Korea,plain,yin-yang,SOUTH KOREA,KR,Asia,S;;;;;;;;;;;;
c3,Black,South Korea,plain,yin-yang,SOUTH KOREA,KR,Asia,S;;;;;;;;;;;;
c0,Blue,South Sudan,horizontal_stripe,star,SOUTH SUDAN,SS,Asia,S;;;;;;;;;;;;
c1,Green,South Sudan,horizontal_stripe,star,SOUTH SUDAN,SS,Asia,S;;;;;;;;;;;;
c2,Red,South Sudan,horizontal_stripe,star,SOUTH SUDAN,SS,Asia,S;;;;;;;;;;;;
c3,Yellow,South Sudan,horizontal_stripe,star,SOUTH SUDAN,SS,Asia,S;;;;;;;;;;;;
c4,White,South Sudan,horizontal_stripe,star,SOUTH SUDAN,SS,Asia,S;;;;;;;;;;;;
c5,Black,South Sudan,horizontal_stripe,star,SOUTH SUDAN,SS,Asia,S;;;;;;;;;;;;
c0,Red,Spain,horizontal_stripe,emblem,SPAIN,ES,Europa,S;;;;;;;;;;;;
c1,Yellow,Spain,horizontal_stripe,emblem,SPAIN,ES,Europa,S;;;;;;;;;;;;
c0,Red,Sri Lanka,vertical_stripe,emblem,SRI LANKA,LK,Asia,S;;;;;;;;;;;;
c1,Green,Sri Lanka,vertical_stripe,emblem,SRI LANKA,LK,Asia,S;;;;;;;;;;;;
c2,Yellow,Sri Lanka,vertical_stripe,emblem,SRI LANKA,LK,Asia,S;;;;;;;;;;;;
c3,Orange,Sri Lanka,vertical_stripe,emblem,SRI LANKA,LK,Asia,S;;;;;;;;;;;;
c0,Red,Sudan,horizontal_stripe,triangle,SUDAN,SD,Asia,S;;;;;;;;;;;;
c1,Green,Sudan,horizontal_stripe,triangle,SUDAN,SD,Asia,S;;;;;;;;;;;;
c2,Black,Sudan,horizontal_stripe,triangle,SUDAN,SD,Asia,S;;;;;;;;;;;;
c3,White,Sudan,horizontal_stripe,triangle,SUDAN,SD,Asia,S;;;;;;;;;;;;
c0,Red,Suriname,horizontal_stripe,star,SURINAME,SR,Africa,S;;;;;;;;;;;;
c1,Green,Suriname,horizontal_stripe,star,SURINAME,SR,Africa,S;;;;;;;;;;;;
c2,Yellow,Suriname,horizontal_stripe,star,SURINAME,SR,Africa,S;;;;;;;;;;;;
c3,White,Suriname,horizontal_stripe,star,SURINAME,SR,Africa,S;;;;;;;;;;;;
c0,Blue,Swaziland,horizontal_stripe,emblem,SWAZILAND,SZ,Africa,S;;;;;;;;;;;;
c1,Red,Swaziland,horizontal_stripe,emblem,SWAZILAND,SZ,Africa,S;;;;;;;;;;;;
c2,Yellow,Swaziland,horizontal_stripe,emblem,SWAZILAND,SZ,Africa,S;;;;;;;;;;;;
c3,White,Swaziland,horizontal_stripe,emblem,SWAZILAND,SZ,Africa,S;;;;;;;;;;;;
c4,Black,Swaziland,horizontal_stripe,emblem,SWAZILAND,SZ,Africa,S;;;;;;;;;;;;
c0,Blue,Sweden,plus,none,SWEDEN,SE,Europa,S;;;;;;;;;;;;
c1,Yellow,Sweden,plus,none,SWEDEN,SE,Europa,S;;;;;;;;;;;;
c0,Red,Switzerland,plus,none,SWITZERLAND,CH,Europa,S;;;;;;;;;;;;
c1,White,Switzerland,plus,none,SWITZERLAND,CH,Europa,S;;;;;;;;;;;;
c0,Red,Syria,horizontal_stripe,star,SYRIA,SY,Oriente Medio,S;;;;;;;;;;;;
c1,Green,Syria,horizontal_stripe,star,SYRIA,SY,Oriente Medio,S;;;;;;;;;;;;
c2,Black,Syria,horizontal_stripe,star,SYRIA,SY,Oriente Medio,S;;;;;;;;;;;;
c3,White,Syria,horizontal_stripe,star,SYRIA,SY,Oriente Medio,S;;;;;;;;;;;;
c0,Blue,Taiwan,plain,star,TAIWAN,TW,Asia,T;;;;;;;;;;;;
c1,Red,Taiwan,plain,star,TAIWAN,TW,Asia,T;;;;;;;;;;;;
c2,White,Taiwan,plain,star,TAIWAN,TW,Asia,T;;;;;;;;;;;;
c0,Red,Tajikistan,horizontal_stripe,none,TAJIKISTAN,TJ,Asia,T;;;;;;;;;;;;
c1,Green,Tajikistan,horizontal_stripe,none,TAJIKISTAN,TJ,Asia,T;;;;;;;;;;;;
c2,Yellow,Tajikistan,horizontal_stripe,none,TAJIKISTAN,TJ,Asia,T;;;;;;;;;;;;
c3,White,Tajikistan,horizontal_stripe,none,TAJIKISTAN,TJ,Asia,T;;;;;;;;;;;;
c0,Blue,Tanzania,across_stripe,none,TANZANIA,TZ,Africa,T;;;;;;;;;;;;
c1,Green,Tanzania,across_stripe,none,TANZANIA,TZ,Africa,T;;;;;;;;;;;;
c2,Yellow,Tanzania,across_stripe,none,TANZANIA,TZ,Africa,T;;;;;;;;;;;;
c3,Black,Tanzania,across_stripe,none,TANZANIA,TZ,Africa,T;;;;;;;;;;;;
c0,Blue,Thailand,horizontal_stripe,none,THAILAND,TH,Asia,T;;;;;;;;;;;;
c1,Red,Thailand,horizontal_stripe,none,THAILAND,TH,Asia,T;;;;;;;;;;;;
c2,White,Thailand,horizontal_stripe,none,THAILAND,TH,Asia,T;;;;;;;;;;;;
c0,Red,Togo,horizontal_stripe,star,TOGO,TG,Africa,T;;;;;;;;;;;;
c1,Green,Togo,horizontal_stripe,star,TOGO,TG,Africa,T;;;;;;;;;;;;
c2,Yellow,Togo,horizontal_stripe,star,TOGO,TG,Africa,T;;;;;;;;;;;;
c3,White,Togo,horizontal_stripe,star,TOGO,TG,Africa,T;;;;;;;;;;;;
c0,Blue,Tokelau,plain,star,TOKELAU,TK,Oceania,T;;;;;;;;;;;;
c1,Yellow,Tokelau,plain,star,TOKELAU,TK,Oceania,T;;;;;;;;;;;;
c2,White,Tokelau,plain,star,TOKELAU,TK,Oceania,T;;;;;;;;;;;;
c0,Red,Tonga,plain,plus,TONGA,TO,Oceania,T;;;;;;;;;;;;
c1,White,Tonga,plain,plus,TONGA,TO,Oceania,T;;;;;;;;;;;;
c0,Red,Trinidad and Tobago,line_across,none,TRINIDAD AND TOBAGO,TT,America(Norte),T;;;;;;;;;;;;
c1,White,Trinidad and Tobago,line_across,none,TRINIDAD AND TOBAGO,TT,America(Norte),T;;;;;;;;;;;;
c2,Black,Trinidad and Tobago,line_across,none,TRINIDAD AND TOBAGO,TT,America(Norte),T;;;;;;;;;;;;
c0,Red,Tunisia,plain,star_moon,TUNISIA,TN,Africa,T;;;;;;;;;;;;
c1,White,Tunisia,plain,star_moon,TUNISIA,TN,Africa,T;;;;;;;;;;;;
c0,Red,Turkey,plain,star_moon,TURKEY,TR,Oriente Medio,T;;;;;;;;;;;;
c1,White,Turkey,plain,star_moon,TURKEY,TR,Oriente Medio,T;;;;;;;;;;;;
c0,Red,Turkish Republic of Northern Cyprus,horizontal_stripe,star_moon,TURKISH REPUBLIC OF NORTHERN CYPRUS,TR,Oriente Medio,T;;;;;;;;;;;;
c1,White,Turkish Republic of Northern Cyprus,horizontal_stripe,star_moon,TURKISH REPUBLIC OF NORTHERN CYPRUS,TR,Oriente Medio,T;;;;;;;;;;;;
c0,Red,Turkmenistan,vertical_stripe,star_moon,TURKMENISTAN,TM,Asia,T;;;;;;;;;;;;
c1,Green,Turkmenistan,vertical_stripe,star_moon,TURKMENISTAN,TM,Asia,T;;;;;;;;;;;;
c2,Yellow,Turkmenistan,vertical_stripe,star_moon,TURKMENISTAN,TM,Asia,T;;;;;;;;;;;;
c3,White,Turkmenistan,vertical_stripe,star_moon,TURKMENISTAN,TM,Asia,T;;;;;;;;;;;;
c0,Blue,Turks and Caicos Islands,cross_plus,emblem,TURKS AND CAICOS ISLANDS,TC,America(Norte),T;;;;;;;;;;;;
c1,Green,Turks and Caicos Islands,cross_plus,emblem,TURKS AND CAICOS ISLANDS,TC,America(Norte),T;;;;;;;;;;;;
c2,Red,Turks and Caicos Islands,cross_plus,emblem,TURKS AND CAICOS ISLANDS,TC,America(Norte),T;;;;;;;;;;;;
c3,Yellow,Turks and Caicos Islands,cross_plus,emblem,TURKS AND CAICOS ISLANDS,TC,America(Norte),T;;;;;;;;;;;;
c4,White,Turks and Caicos Islands,cross_plus,emblem,TURKS AND CAICOS ISLANDS,TC,America(Norte),T;;;;;;;;;;;;
c5,Black,Turks and Caicos Islands,cross_plus,emblem,TURKS AND CAICOS ISLANDS,TC,America(Norte),T;;;;;;;;;;;;
c6,Brown,Turks and Caicos Islands,cross_plus,emblem,TURKS AND CAICOS ISLANDS,TC,America(Norte),T;;;;;;;;;;;;
c7,Pink,Turks and Caicos Islands,cross_plus,emblem,TURKS AND CAICOS ISLANDS,TC,America(Norte),T;;;;;;;;;;;;
c0,Blue,Tuvalu,cross_plus,star,TUVALU,TV,Oceania,T;;;;;;;;;;;;
c1,Red,Tuvalu,cross_plus,star,TUVALU,TV,Oceania,T;;;;;;;;;;;;
c2,Yellow,Tuvalu,cross_plus,star,TUVALU,TV,Oceania,T;;;;;;;;;;;;
c3,White,Tuvalu,cross_plus,star,TUVALU,TV,Oceania,T;;;;;;;;;;;;
c0,Red,Uganda,horizontal_stripe,emblem,UGANDA,UG,Africa,U;;;;;;;;;;;;
c1,Yellow,Uganda,horizontal_stripe,emblem,UGANDA,UG,Africa,U;;;;;;;;;;;;
c2,Gray,Uganda,horizontal_stripe,emblem,UGANDA,UG,Africa,U;;;;;;;;;;;;
c3,White,Uganda,horizontal_stripe,emblem,UGANDA,UG,Africa,U;;;;;;;;;;;;
c4,Black,Uganda,horizontal_stripe,emblem,UGANDA,UG,Africa,U;;;;;;;;;;;;
c0,Blue,Ukraine,horizontal_stripe,none,UKRAINE,UA,Europa,U;;;;;;;;;;;;
c1,Yellow,Ukraine,horizontal_stripe,none,UKRAINE,UA,Europa,U;;;;;;;;;;;;
c0,Red,United Arab Emirates,horizontal_stripe,rectangle,UNITED ARAB EMIRATES,AE,Oriente Medio,U;;;;;;;;;;;;
c1,Green,United Arab Emirates,horizontal_stripe,rectangle,UNITED ARAB EMIRATES,AE,Oriente Medio,U;;;;;;;;;;;;
c2,Black,United Arab Emirates,horizontal_stripe,rectangle,UNITED ARAB EMIRATES,AE,Oriente Medio,U;;;;;;;;;;;;
c3,White,United Arab Emirates,horizontal_stripe,rectangle,UNITED ARAB EMIRATES,AE,Oriente Medio,U;;;;;;;;;;;;
c0,Blue,United Kingdom,cross_plus,none,UNITED KINGDOM,GB,Europa,U;;;;;;;;;;;;
c1,Red,United Kingdom,cross_plus,none,UNITED KINGDOM,GB,Europa,U;;;;;;;;;;;;
c2,White,United Kingdom,cross_plus,none,UNITED KINGDOM,GB,Europa,U;;;;;;;;;;;;
c0,Blue,United States,horizontal_stripe,star,UNITED STATES,US,America(Norte),U;;;;;;;;;;;;
c1,Red,United States,horizontal_stripe,star,UNITED STATES,US,America(Norte),U;;;;;;;;;;;;
c2,White,United States,horizontal_stripe,star,UNITED STATES,US,America(Norte),U;;;;;;;;;;;;
c0,Blue,Uruguay,horizontal_stripe,sun,URUGUAY,UY,America(Sul),U;;;;;;;;;;;;
c1,Yellow,Uruguay,horizontal_stripe,sun,URUGUAY,UY,America(Sul),U;;;;;;;;;;;;
c2,White,Uruguay,horizontal_stripe,sun,URUGUAY,UY,America(Sul),U;;;;;;;;;;;;
c0,Blue,Uzbekistan,horizontal_stripe,none,UZBEKISTAN,UZ,Asia,U;;;;;;;;;;;;
c1,Green,Uzbekistan,horizontal_stripe,none,UZBEKISTAN,UZ,Asia,U;;;;;;;;;;;;
c2,Red,Uzbekistan,horizontal_stripe,none,UZBEKISTAN,UZ,Asia,U;;;;;;;;;;;;
c3,White,Uzbekistan,horizontal_stripe,none,UZBEKISTAN,UZ,Asia,U;;;;;;;;;;;;
c0,Red,Vanuatu,horizontal_stripe,emblem,VANUATU,VU,Oceania,V;;;;;;;;;;;;
c1,Green,Vanuatu,horizontal_stripe,emblem,VANUATU,VU,Oceania,V;;;;;;;;;;;;
c2,Yellow,Vanuatu,horizontal_stripe,emblem,VANUATU,VU,Oceania,V;;;;;;;;;;;;
c3,Black,Vanuatu,horizontal_stripe,emblem,VANUATU,VU,Oceania,V;;;;;;;;;;;;
c0,Yellow,Vatican City,vertical_stripe,emblem,VATICAN CITY,VA,Europa,V;;;;;;;;;;;;
c1,White,Vatican City,vertical_stripe,emblem,VATICAN CITY,VA,Europa,V;;;;;;;;;;;;
c0,Blue,Venezuela,horizontal_stripe,star_emblem,VENEZUELA,VE,America(Sul),V;;;;;;;;;;;;
c1,Red,Venezuela,horizontal_stripe,star_emblem,VENEZUELA,VE,America(Sul),V;;;;;;;;;;;;
c2,Yellow,Venezuela,horizontal_stripe,star_emblem,VENEZUELA,VE,America(Sul),V;;;;;;;;;;;;
c3,White,Venezuela,horizontal_stripe,star_emblem,VENEZUELA,VE,America(Sul),V;;;;;;;;;;;;
c0,Red,Vietnam,plain,star,VIETNAM,VN,Asia,V;;;;;;;;;;;;
c1,Yellow,Vietnam,plain,star,VIETNAM,VN,Asia,V;;;;;;;;;;;;
c0,Red,Yemen,horizontal_stripe,none,YEMEN,YE,Oriente Medio,Y;;;;;;;;;;;;
c1,White,Yemen,horizontal_stripe,none,YEMEN,YE,Oriente Medio,Y;;;;;;;;;;;;
c2,Black,Yemen,horizontal_stripe,none,YEMEN,YE,Oriente Medio,Y;;;;;;;;;;;;
c0,Red,Zambia,vertical_stripe,emblem,ZAMBIA,ZM,Africa,Z;;;;;;;;;;;;
c1,Green,Zambia,vertical_stripe,emblem,ZAMBIA,ZM,Africa,Z;;;;;;;;;;;;
c2,Black,Zambia,vertical_stripe,emblem,ZAMBIA,ZM,Africa,Z;;;;;;;;;;;;
c3,Orange,Zambia,vertical_stripe,emblem,ZAMBIA,ZM,Africa,Z;;;;;;;;;;;;
c0,Red,Zimbabwe,horizontal_stripe,emblem,ZIMBABWE,ZW,Africa,Z;;;;;;;;;;;;
c1,Green,Zimbabwe,horizontal_stripe,emblem,ZIMBABWE,ZW,Africa,Z;;;;;;;;;;;;
c2,Yellow,Zimbabwe,horizontal_stripe,emblem,ZIMBABWE,ZW,Africa,Z;;;;;;;;;;;;
c3,White,Zimbabwe,horizontal_stripe,emblem,ZIMBABWE,ZW,Africa,Z;;;;;;;;;;;;
c4,Black,Zimbabwe,horizontal_stripe,emblem,ZIMBABWE,ZW,Africa,Z;;;;;;;;;;;;
